INSERT INTO RIGHTS (ID, ACCESS_LEVEL, BHUSERLIST) VALUES (10000, 'STUDENT', null)
INSERT INTO RIGHTS (ID, ACCESS_LEVEL, BHUSERLIST) VALUES (10001, 'INSTRUCTOR', null)
INSERT INTO RIGHTS (ID, ACCESS_LEVEL, BHUSERLIST) VALUES (10002, 'ADMIN', null)
INSERT INTO GROUPS (ID, NAME) VALUES (10003, 'STAFF')
INSERT INTO GROUPS (ID, NAME) VALUES (10004, 'BH05')
INSERT INTO GROUPS (ID, NAME) VALUES (10005, 'BH06')
INSERT INTO EXAMS (ID, EXAM_DATE, EXAM_STATE, EXAM_TITLE, MAX_SCORE_PRACTICE, MAX_SCORE_THEORY) VALUES (10006, TO_TIMESTAMP('2018-06-25 18:06:42.639', 'YYYY-MM-DD HH24:MI:SS.FF'), 0, 'ALAPOZÓ', null, null)
INSERT INTO EXAMS (ID, EXAM_DATE, EXAM_STATE, EXAM_TITLE, MAX_SCORE_PRACTICE, MAX_SCORE_THEORY) VALUES (10007, TO_TIMESTAMP('2018-06-25 18:06:42.639', 'YYYY-MM-DD HH24:MI:SS.FF'), 0, 'ZÁRÓ', null, null)
INSERT INTO EXAMS (ID, EXAM_DATE, EXAM_STATE, EXAM_TITLE, MAX_SCORE_PRACTICE, MAX_SCORE_THEORY) VALUES (10008, TO_TIMESTAMP('2018-06-25 18:06:42.639', 'YYYY-MM-DD HH24:MI:SS.FF'), 0, 'OOP', null, null)
INSERT INTO BH_USER (ID, ACTIVE, BH_PASS, EMAIL, FIRST_NAME, LAST_NAME,USER_NAME, GROUP_ID, RIGHT_ID) VALUES (10009,1,'admin123','peter.kiss@gmail.com', 'Kiss', 'Péter','pkiss',10003,10002)
INSERT INTO BH_USER (ID, ACTIVE, BH_PASS, EMAIL, FIRST_NAME, LAST_NAME,USER_NAME, GROUP_ID, RIGHT_ID) VALUES (10010,1,'admin123','attila.balogh86@gmail.com', 'Attila', 'Balogh','attila.balogh86',10003,10001)
INSERT INTO BH_USER (ID, ACTIVE, BH_PASS, EMAIL, FIRST_NAME, LAST_NAME,USER_NAME, GROUP_ID, RIGHT_ID) VALUES (10011,1,'admin123','balazs.partos@gmail.com', 'Balazs', 'Partos','pbalazs',10004,10000)
INSERT INTO BH_USER (ID, ACTIVE, BH_PASS, EMAIL, FIRST_NAME, LAST_NAME,USER_NAME, GROUP_ID, RIGHT_ID) VALUES (10012,1,'admin123','abaloghbiro@protonmail.com', 'Attila', 'Balogh-Biró','abaloghbiro',10005,10000)
INSERT INTO EXAM_ATTENDANCES (ID, SCORE_PRACTICE, SCORE_THEORY, EXAM_ID, USER_ID) VALUES(10013,null,null,10006,10011)
INSERT INTO EXAM_ATTENDANCES (ID, SCORE_PRACTICE, SCORE_THEORY, EXAM_ID, USER_ID) VALUES(10014,null,null,10007,10012)
INSERT INTO EXAM_ATTENDANCES (ID, SCORE_PRACTICE, SCORE_THEORY, EXAM_ID, USER_ID) VALUES(10015,null,null,10008,10012)